,TeamName,Games,WinningPct,HE,SE,FE,SDE,Ends,Blanks,BlankPct
0,Brad Jacobs,76,0.776,0.52,0.22,0.66,0.09,580,104,0.18
1,John Epping,80,0.7,0.45,0.21,0.62,0.19,623,80,0.13
2,Brad Gushue,81,0.704,0.5,0.21,0.59,0.11,630,112,0.18
3,Brendan Bottcher,69,0.71,0.42,0.25,0.57,0.14,526,101,0.19
4,Bruce Mouat,85,0.706,0.47,0.29,0.62,0.14,589,81,0.14
5,Yannick Schwaller,97,0.639,0.36,0.26,0.56,0.21,737,75,0.1
6,Mike McEwen,91,0.648,0.37,0.27,0.53,0.13,682,115,0.17
7,Niklas Edin,64,0.688,0.53,0.31,0.69,0.17,453,64,0.14
8,Peter De Cruz,74,0.676,0.46,0.27,0.56,0.16,539,64,0.12
9,Kevin Koe,64,0.594,0.51,0.18,0.58,0.17,494,81,0.16
10,Matt Dunstone,74,0.568,0.4,0.2,0.57,0.16,589,100,0.17
11,Ross Paterson,77,0.636,0.39,0.28,0.54,0.17,597,87,0.15
12,Jason Gunnlaugson,100,0.65,0.48,0.3,0.51,0.19,744,78,0.1
13,Korey Dropkin,65,0.662,0.38,0.33,0.53,0.15,477,50,0.1
14,Rich Ruohonen,81,0.716,0.49,0.32,0.59,0.18,581,73,0.13
15,Yuta Matsumura,87,0.701,0.5,0.27,0.57,0.15,662,94,0.14
16,Ross Whyte,79,0.747,0.47,0.29,0.61,0.15,554,80,0.14
17,Glenn Howard,58,0.552,0.35,0.2,0.49,0.16,452,70,0.15
18,John Shuster,61,0.705,0.45,0.25,0.57,0.17,441,45,0.1
19,Chang-Min Kim,68,0.779,0.5,0.34,0.64,0.18,511,53,0.1
20,Tanner Horgan,58,0.724,0.44,0.3,0.63,0.14,396,57,0.14
21,Scott McDonald,71,0.521,0.37,0.23,0.51,0.22,532,68,0.13
22,Braden Calvert,67,0.582,0.4,0.29,0.54,0.19,470,61,0.13
23,Kirk Muyres,60,0.517,0.34,0.26,0.56,0.21,425,67,0.16
24,Tyler Tardi,64,0.672,0.5,0.32,0.55,0.19,447,60,0.13
25,Jeremy Harty,54,0.704,0.38,0.31,0.58,0.19,387,38,0.1
26,Cameron Bryce,64,0.578,0.39,0.29,0.57,0.21,468,46,0.1
27,Jaap van Dorp,75,0.507,0.34,0.25,0.48,0.24,575,62,0.11
28,Glen Muirhead,48,0.667,0.42,0.25,0.52,0.2,355,58,0.16
29,Joel Retornaz,12,0.583,0.36,0.36,0.5,0.43,88,2,0.02
30,Karsten Sturmay,52,0.654,0.4,0.26,0.54,0.17,396,47,0.12
31,Thomas Ulsrud,56,0.589,0.42,0.28,0.52,0.19,409,43,0.11
32,Pat Ferris,56,0.607,0.35,0.23,0.53,0.25,415,48,0.12
33,Jamie Murphy,55,0.655,0.48,0.26,0.55,0.16,405,42,0.1
34,Michael Fournier,51,0.608,0.44,0.29,0.58,0.25,357,22,0.06
35,Corey Chambers,48,0.625,0.38,0.24,0.6,0.22,350,46,0.13
36,Jacques Gauthier,77,0.675,0.44,0.29,0.59,0.21,602,88,0.15
37,Tsuyoshi Yamaguchi,67,0.667,0.42,0.3,0.52,0.16,482,73,0.15
38,Vincent Roberge,38,0.711,0.33,0.35,0.44,0.19,288,39,0.14
39,Yusuke Morozumi,75,0.6,0.39,0.34,0.61,0.23,563,49,0.09
40,Lucien Lottenbach,66,0.545,0.37,0.23,0.57,0.23,488,50,0.1
41,Qiang Zou,63,0.571,0.4,0.32,0.54,0.21,460,56,0.12
42,Jan Hess,70,0.5,0.31,0.28,0.55,0.27,515,45,0.09
43,Sergei Glukhov,73,0.479,0.37,0.23,0.49,0.25,559,66,0.12
44,Jim Cotter,59,0.61,0.34,0.34,0.55,0.23,443,51,0.12
45,Sean Grassie,61,0.574,0.36,0.25,0.55,0.26,454,57,0.13
46,Jason Jacobson,50,0.6,0.41,0.28,0.53,0.19,365,45,0.12
47,Mark Kean,51,0.51,0.36,0.2,0.59,0.25,373,45,0.12
48,JT Ryan,49,0.592,0.35,0.33,0.5,0.27,335,48,0.14
49,Ryan Wiebe,46,0.717,0.43,0.33,0.58,0.19,345,41,0.12
50,Dominik Maerki,50,0.6,0.37,0.32,0.5,0.29,360,44,0.12
51,Shaun Meachem,45,0.622,0.44,0.34,0.49,0.23,329,48,0.15
52,Scott Dunnam,57,0.632,0.34,0.33,0.56,0.26,407,55,0.14
53,James Pahl,31,0.742,0.4,0.22,0.59,0.24,229,20,0.09
54,Wayne Tuck Jr.,11,0.636,0.46,0.46,0.23,0.31,76,0,0.0
55,Dennis Bohn,42,0.571,0.44,0.3,0.56,0.22,304,35,0.12
56,William Lyburn,47,0.574,0.38,0.27,0.49,0.26,342,54,0.16
57,Chad Stevens,46,0.587,0.41,0.28,0.5,0.22,350,38,0.11
58,Todd Birr,55,0.527,0.35,0.32,0.55,0.31,370,26,0.07
59,Magnus Ramsfjell,32,0.625,0.39,0.31,0.58,0.25,224,21,0.09
60,Aaron Sluchinski,33,0.667,0.37,0.27,0.56,0.26,246,31,0.13
61,Lukas Klima,44,0.591,0.41,0.28,0.59,0.21,333,32,0.1
62,Ty Dilello,50,0.46,0.32,0.23,0.56,0.3,359,47,0.13
63,Luc Violette,57,0.614,0.42,0.28,0.53,0.23,427,43,0.1
64,Stuart Thompson,49,0.531,0.36,0.28,0.56,0.23,361,38,0.11
65,Brent Gedak,43,0.628,0.44,0.28,0.51,0.22,305,26,0.09
66,James Grattan,41,0.634,0.43,0.25,0.58,0.2,320,44,0.14
67,Martin Ferland,38,0.553,0.32,0.27,0.6,0.21,294,33,0.11
68,Jason Camm,45,0.6,0.4,0.28,0.51,0.22,337,30,0.09
69,Andrin Schnider,61,0.361,0.32,0.16,0.52,0.28,461,50,0.11
70,Jeff Richard,47,0.553,0.39,0.3,0.54,0.21,327,30,0.09
71,John Willsey,52,0.481,0.3,0.25,0.55,0.2,388,34,0.09
72,Ted Appelman,33,0.636,0.4,0.24,0.55,0.14,240,37,0.15
73,Carter Lautner,39,0.59,0.35,0.28,0.46,0.21,264,38,0.14
74,Kody Hartung,44,0.523,0.29,0.3,0.51,0.25,310,44,0.14
75,Daniel Magnusson,52,0.538,0.29,0.29,0.57,0.26,392,52,0.13
76,Kendal Thompson,50,0.54,0.29,0.32,0.52,0.31,378,34,0.09
77,Scott Jones,39,0.615,0.35,0.3,0.53,0.21,299,29,0.1
78,Sean Geall,41,0.537,0.31,0.3,0.6,0.31,287,24,0.08
79,Jed Brundidge,51,0.451,0.31,0.3,0.51,0.35,345,32,0.09
80,Simon Gempeler,56,0.482,0.35,0.25,0.53,0.24,407,28,0.07
81,Fredrik Nyman,45,0.467,0.33,0.26,0.52,0.3,320,37,0.12
82,Jan Klossner,43,0.419,0.22,0.24,0.49,0.29,350,43,0.12
83,SooHyuk Kim,21,0.524,0.4,0.22,0.49,0.14,171,23,0.13
84,Daniel Wenzek,38,0.526,0.3,0.29,0.57,0.27,272,24,0.09
85,Jean-Sebastien Roy,26,0.615,0.29,0.34,0.48,0.26,185,1,0.01
86,Richard Krell,32,0.594,0.41,0.29,0.51,0.19,236,31,0.13
87,Marc Muskatewitz,45,0.489,0.38,0.25,0.48,0.29,316,48,0.15
88,Brent MacDougall,39,0.487,0.38,0.26,0.56,0.3,288,23,0.08
89,Steven Howard,47,0.511,0.32,0.22,0.6,0.26,351,40,0.11
90,Sandy MacEwan,30,0.7,0.43,0.31,0.53,0.17,208,28,0.13
91,Jermu Pollanen,35,0.657,0.39,0.35,0.57,0.26,274,20,0.07
92,Bruce Korte,19,0.737,0.47,0.28,0.67,0.18,122,13,0.11
93,Rob Ainsley,37,0.514,0.27,0.29,0.45,0.28,269,30,0.11
94,Daniel Birchard,25,0.56,0.24,0.3,0.68,0.38,169,26,0.15
95,Mark Homan,32,0.656,0.38,0.3,0.61,0.23,238,17,0.07
96,Chase Sinnett,43,0.465,0.36,0.28,0.56,0.28,354,50,0.14
97,Alek Bedard,31,0.548,0.42,0.27,0.51,0.21,256,25,0.1
98,Matthew Hall,46,0.435,0.36,0.23,0.54,0.24,355,37,0.1
99,Tyler Stewart,12,0.667,0.23,0.41,0.5,0.32,88,1,0.01
100,Evan van Amsterdam,36,0.528,0.38,0.28,0.58,0.31,281,26,0.09
101,Andrew Symonds,38,0.605,0.42,0.3,0.56,0.26,291,32,0.11
102,Josh Heidt,42,0.548,0.35,0.24,0.59,0.27,324,34,0.1
103,Steven Munroe,33,0.576,0.41,0.29,0.45,0.19,226,21,0.09
104,Jake Horgan,42,0.452,0.3,0.23,0.56,0.21,319,48,0.15
105,Steve Allen,32,0.469,0.33,0.24,0.54,0.22,252,37,0.15
106,James Craik,35,0.571,0.35,0.24,0.59,0.23,287,61,0.21
107,Borys Jasiecki,28,0.643,0.48,0.3,0.57,0.21,218,21,0.1
108,Greg Balsdon,30,0.667,0.47,0.34,0.5,0.26,206,12,0.06
109,Jongduk Park,19,0.632,0.41,0.27,0.5,0.2,142,17,0.12
110,Sam Steep,40,0.4,0.26,0.23,0.49,0.26,301,26,0.09
111,Dayna Deruelle,28,0.536,0.34,0.28,0.53,0.25,198,24,0.12
112,Yves Wagenseil,37,0.405,0.23,0.25,0.54,0.27,289,27,0.09
113,Steve Irwin,19,0.737,0.41,0.28,0.55,0.15,146,24,0.16
114,Rylan Kleiter,30,0.633,0.42,0.31,0.6,0.22,245,27,0.11
115,Marco Hoesli,44,0.477,0.35,0.33,0.5,0.28,345,25,0.07
116,Bryan Cochrane,26,0.577,0.42,0.26,0.59,0.23,215,35,0.16
117,Ryan Deis,29,0.517,0.34,0.26,0.37,0.21,223,24,0.11
118,Jason Montgomery,25,0.48,0.31,0.27,0.52,0.29,183,17,0.09
119,Ed Cyr,33,0.424,0.35,0.24,0.53,0.23,256,25,0.1
120,Dean Joanisse,26,0.538,0.38,0.23,0.51,0.34,186,25,0.13
121,Mikkel Krause,22,0.5,0.36,0.17,0.53,0.19,188,24,0.13
122,Trent Skanes,31,0.677,0.41,0.2,0.59,0.13,243,48,0.2
123,Matthew Manuel,32,0.531,0.39,0.28,0.55,0.23,255,32,0.13
124,Kelly Marnoch,16,0.438,0.36,0.22,0.52,0.36,106,19,0.18
125,Cory Heggestad,19,0.526,0.33,0.26,0.52,0.29,135,10,0.07
126,Sergio Vez,30,0.667,0.42,0.3,0.71,0.21,214,16,0.07
127,Cameron Goodkey,7,0.286,0.27,0.36,0.57,0.58,55,0,0.0
128,Steffen R. Mellemseter,17,0.471,0.35,0.3,0.57,0.31,115,9,0.08
129,Martins Truksans,33,0.545,0.3,0.27,0.57,0.31,261,22,0.08
130,Scott Webb,34,0.588,0.44,0.29,0.57,0.19,214,15,0.07
131,Hamish Gallacher,27,0.556,0.31,0.28,0.52,0.22,206,27,0.13
132,Cole Adams,22,0.545,0.35,0.37,0.35,0.25,162,15,0.09
133,Jordan Smith,34,0.441,0.33,0.31,0.45,0.23,234,21,0.09
134,Jordan Chandler,35,0.486,0.26,0.27,0.61,0.29,273,37,0.14
135,Daniel Bruce,24,0.625,0.35,0.29,0.47,0.24,201,28,0.14
136,Brandon Corbett,34,0.559,0.31,0.3,0.57,0.37,225,28,0.12
137,Ryan Jacques,21,0.571,0.35,0.26,0.58,0.21,169,19,0.11
138,Rob Johnson,28,0.5,0.31,0.21,0.63,0.27,217,27,0.12
139,Brad Wood,32,0.344,0.34,0.17,0.45,0.26,250,31,0.12
140,Brett Walter,47,0.468,0.28,0.27,0.53,0.25,393,54,0.14
141,Neil Dangerfield,26,0.423,0.38,0.25,0.51,0.24,201,16,0.08
142,Jason Roach,18,0.722,0.48,0.26,0.65,0.24,153,19,0.12
143,Colin Thomas,28,0.643,0.43,0.27,0.49,0.22,210,36,0.17
144,Wes Craig,16,0.5,0.28,0.25,0.49,0.32,120,13,0.11
145,Doug Johnston,15,0.667,0.4,0.22,0.56,0.26,103,6,0.06
146,Kevin Park,29,0.414,0.35,0.23,0.56,0.31,229,31,0.14
147,Sam Wills,27,0.444,0.33,0.31,0.38,0.33,182,23,0.13
148,Brady Kendel,23,0.565,0.35,0.31,0.46,0.23,177,26,0.15
149,Brad Heidt,24,0.458,0.31,0.17,0.52,0.26,185,12,0.06
150,Rene Comeau,20,0.55,0.32,0.29,0.49,0.27,156,20,0.13
151,Simon Hebert,24,0.333,0.24,0.17,0.54,0.34,199,27,0.14
152,Shane Vollman,32,0.469,0.29,0.29,0.57,0.3,235,23,0.1
153,Riley Smith,39,0.308,0.29,0.27,0.44,0.34,254,15,0.06
154,Shingo Usui,34,0.382,0.36,0.21,0.43,0.36,244,25,0.1
155,Tobias Thune,17,0.824,0.42,0.45,0.53,0.26,129,14,0.11
156,Warren Cross,31,0.484,0.43,0.2,0.4,0.24,236,26,0.11
157,Codey Maus,6,0.833,0.47,0.29,0.62,0.13,44,6,0.14
158,David Sik,22,0.455,0.31,0.28,0.42,0.34,166,11,0.07
159,Jacob Libbus,22,0.545,0.36,0.26,0.5,0.25,176,17,0.1
160,Junpei Kanda,40,0.342,0.23,0.24,0.4,0.35,293,42,0.14
161,Terry Meek,19,0.421,0.34,0.32,0.56,0.33,144,11,0.08
162,Trevor Loreth,10,0.5,0.26,0.2,0.63,0.33,79,12,0.15
163,Sean O'Connor,21,0.429,0.31,0.26,0.29,0.28,146,15,0.1
164,Sixten Totzek,17,0.588,0.43,0.24,0.49,0.24,143,25,0.17
165,Mark Lukowich,10,0.5,0.24,0.24,0.52,0.31,80,8,0.1
166,Kyle Kakela,16,0.562,0.3,0.26,0.41,0.28,142,10,0.07
167,Ben Gamble,24,0.458,0.22,0.35,0.52,0.35,170,17,0.1
168,Michael Carss,27,0.481,0.35,0.2,0.58,0.18,213,20,0.09
169,Jeff Hartung,19,0.474,0.41,0.23,0.63,0.34,148,21,0.14
170,Steven Birklid,22,0.5,0.29,0.4,0.37,0.22,169,7,0.04
171,Cole Tenetuik,16,0.562,0.3,0.26,0.5,0.2,126,12,0.1
172,Mark Longworth,21,0.381,0.29,0.24,0.54,0.26,173,25,0.14
173,Darryl Sobering,18,0.444,0.32,0.33,0.47,0.36,123,13,0.11
174,Alexander Lindstroem,6,0.667,0.29,0.39,0.57,0.33,47,3,0.06
175,Andreas Adersteg,7,0.571,0.38,0.29,0.57,0.32,55,10,0.18
176,Luke Carson,21,0.381,0.34,0.23,0.42,0.25,163,19,0.12
177,Brandon Tippin,22,0.364,0.31,0.24,0.53,0.41,145,13,0.09
178,Rob Retchless,20,0.65,0.44,0.37,0.49,0.24,150,9,0.06
179,Eren  Oleson,15,0.333,0.29,0.22,0.54,0.38,102,14,0.14
180,Kyle Foster,24,0.25,0.13,0.26,0.33,0.44,141,11,0.08
181,Sean Hall,14,0.571,0.38,0.31,0.56,0.29,111,5,0.05
182,Ryo Ogihara,20,0.5,0.29,0.25,0.49,0.31,138,10,0.07
183,Hayato Matsumura,5,0.6,0.29,0.05,0.6,0.11,38,5,0.13
184,Warren Kozak,23,0.348,0.35,0.27,0.48,0.27,176,14,0.08
185,Joshua Friesen,18,0.611,0.48,0.26,0.53,0.26,142,19,0.13
186,Jeff Stewart,12,0.667,0.23,0.41,0.5,0.32,88,1,0.01
187,Jamie Koe,17,0.588,0.41,0.23,0.44,0.17,139,18,0.13
188,Pascal Michaud,16,0.438,0.3,0.29,0.44,0.25,109,12,0.11
189,Travis Bale,12,0.417,0.33,0.31,0.56,0.38,87,9,0.1
190,Andrew Gibson,21,0.381,0.28,0.14,0.43,0.34,162,15,0.09
191,Jason March,15,0.467,0.35,0.27,0.55,0.29,118,12,0.1
192,Graham McFarlane,20,0.45,0.3,0.26,0.56,0.35,136,19,0.14
193,Tyson Armstrong,15,0.467,0.21,0.26,0.55,0.35,118,18,0.15
194,Grunde Buras,7,0.714,0.44,0.19,0.56,0.23,51,6,0.12
195,Martin Crete,4,0.75,0.55,0.36,0.56,0.17,26,1,0.04
196,Jamie King,14,0.5,0.38,0.3,0.39,0.33,107,9,0.08
197,Alexey Timofeev,11,0.545,0.31,0.35,0.39,0.33,73,2,0.03
198,Scott Egger,10,0.6,0.29,0.34,0.52,0.23,62,2,0.03
199,Ilya Shalamitski,17,0.529,0.29,0.28,0.47,0.22,140,13,0.09
200,Naomasa Takeda,20,0.389,0.3,0.25,0.41,0.38,140,18,0.13
201,Yuya Takigahira,9,0.444,0.17,0.23,0.5,0.3,77,16,0.21
202,Stephen Imes,10,0.6,0.33,0.26,0.65,0.24,80,11,0.14
203,Rylan Hartley,21,0.333,0.27,0.26,0.44,0.34,140,13,0.09
204,Claudio Pescia,7,0.714,0.38,0.21,0.53,0.23,50,4,0.08
205,Graeme Weagle,16,0.5,0.26,0.22,0.46,0.21,137,15,0.11
206,Scott Becker,11,0.545,0.42,0.37,0.46,0.31,89,5,0.06
207,Suguru Tsukamoto,12,0.583,0.29,0.43,0.5,0.35,86,11,0.13
208,Benoit Gagne,8,0.5,0.39,0.19,0.61,0.16,63,6,0.1
209,Glen Jackson,15,0.333,0.2,0.19,0.36,0.3,113,14,0.12
210,Frederic Lawton,25,0.4,0.29,0.35,0.43,0.33,172,9,0.05
211,Jose Maria Hernandez Berenguer,11,0.545,0.31,0.43,0.45,0.4,75,1,0.01
212,Dale Kelly,10,0.6,0.34,0.34,0.48,0.26,66,4,0.06
213,Aleksandr Kirikov,5,1.0,0.67,0.47,0.14,0.08,29,2,0.07
214,Scott Comfort,15,0.467,0.48,0.28,0.36,0.18,112,10,0.09
215,Anders Kraupp,5,0.6,0.38,0.19,0.55,0.48,37,2,0.05
216,Gustav Koehn,5,0.6,0.39,0.22,0.5,0.28,36,2,0.06
217,Anders Antonsson,4,0.75,0.33,0.38,0.56,0.47,31,1,0.03
218,Kevin Tym,20,0.45,0.34,0.27,0.54,0.29,153,11,0.07
219,Ugurcan Karagoz,10,0.7,0.29,0.38,0.5,0.31,87,8,0.09
220,Mikhail Vaskov,11,0.636,0.44,0.45,0.5,0.19,67,4,0.06
221,Gerry Savoie,7,0.857,0.43,0.18,0.75,0.28,51,3,0.06
222,Zsolt Kiss,7,0.571,0.35,0.24,0.44,0.19,55,9,0.16
223,Noe Traub,22,0.364,0.27,0.23,0.56,0.33,173,17,0.1
224,Jan Iseli,21,0.333,0.34,0.26,0.53,0.34,154,12,0.08
225,Kantaro Kawano,15,0.4,0.31,0.3,0.55,0.38,124,14,0.11
226,Ken Peddigrew,19,0.368,0.3,0.2,0.46,0.26,139,10,0.07
227,Mark Noseworthy,18,0.5,0.31,0.25,0.54,0.24,136,18,0.13
228,Sam Mooibroek,20,0.3,0.26,0.24,0.47,0.27,149,13,0.09
229,Terry Odishaw,11,0.636,0.34,0.26,0.66,0.17,95,13,0.14
230,Robert Kwan,6,0.833,0.26,0.36,0.45,0.3,42,4,0.1
231,Daymond Bernath,10,0.5,0.38,0.19,0.42,0.26,71,11,0.15
232,Jeff Thomas,12,0.583,0.41,0.31,0.44,0.23,87,10,0.11
233,Chris Medford,22,0.5,0.29,0.33,0.54,0.23,172,13,0.08
234,Kyle McCannell,35,0.257,0.18,0.23,0.36,0.45,240,22,0.09
235,Rick Rowsell,19,0.474,0.35,0.3,0.45,0.29,129,10,0.08
236,Andrew Reed,23,0.217,0.23,0.22,0.51,0.31,162,18,0.11
237,Carson Ackerman,25,0.2,0.24,0.23,0.38,0.35,159,15,0.09
238,Kevin Tuma,14,0.429,0.24,0.3,0.42,0.12,113,15,0.13
239,Jamie Birtwistle,10,0.5,0.42,0.28,0.73,0.39,68,6,0.09
240,Ryan Hlatkey,13,0.462,0.35,0.3,0.43,0.33,89,5,0.06
241,Dylan Johnston,13,0.615,0.39,0.24,0.41,0.15,109,15,0.14
242,Chad Dahlseide,23,0.435,0.32,0.28,0.47,0.31,164,20,0.12
243,Thomas Scoffin,17,0.294,0.31,0.21,0.37,0.32,131,19,0.15
244,Nathan Young,20,0.5,0.36,0.21,0.51,0.22,144,18,0.12
245,Tyler Smith,15,0.6,0.27,0.29,0.56,0.17,123,16,0.13
246,Sebastian Wunderer,23,0.174,0.2,0.24,0.41,0.44,165,13,0.08
247,Brett Henderson,9,0.667,0.47,0.3,0.57,0.28,77,5,0.06
248,Evan Ugland,7,0.571,0.27,0.26,0.88,0.19,53,7,0.13
249,Dylan Niepage,9,0.333,0.31,0.26,0.38,0.28,82,6,0.07
250,Kevin Ouellette,22,0.409,0.23,0.28,0.49,0.31,174,10,0.06
251,Scott Hill,11,0.455,0.4,0.2,0.43,0.27,87,8,0.09
252,Matthew Kennerknecht,13,0.385,0.25,0.29,0.38,0.32,89,10,0.11
253,Jasmin Gibeau,15,0.533,0.34,0.31,0.56,0.23,107,9,0.08
254,Gontzal Garcia,11,0.909,0.42,0.43,0.68,0.24,78,10,0.13
255,Kriss Vonda,10,0.4,0.41,0.15,0.46,0.33,73,5,0.07
256,Guy Simard,6,0.833,0.55,0.3,0.56,0.14,44,1,0.02
257,Ryan Sayer,20,0.5,0.24,0.24,0.44,0.26,167,23,0.14
258,Jack Smeltzer,6,0.5,0.45,0.22,0.28,0.14,44,1,0.02
259,Kristian Lindstroem,5,0.6,0.3,0.38,0.9,0.27,35,6,0.17
260,Tomoya Watanabe,13,0.5,0.24,0.4,0.48,0.42,92,7,0.08
261,Jon St. Denis,4,0.75,0.36,0.29,0.25,0.2,29,3,0.1
262,Luca Rizzolli,15,0.333,0.27,0.31,0.36,0.25,99,11,0.11
263,Christian Bangerter,19,0.316,0.29,0.28,0.53,0.29,134,3,0.02
264,Martin Rios,9,0.556,0.3,0.29,0.78,0.27,64,10,0.16
265,Trevor Hanson,20,0.45,0.3,0.25,0.48,0.24,165,25,0.15
266,Greg Smith,29,0.31,0.27,0.2,0.55,0.29,206,31,0.15
267,Harri Lill,15,0.533,0.37,0.25,0.47,0.16,117,18,0.15
268,Craig Nicko,10,0.3,0.27,0.25,0.48,0.35,67,5,0.07
269,Andrew Reed,14,0.429,0.32,0.27,0.45,0.26,117,8,0.07
270,Randie Shen,9,0.556,0.29,0.45,0.47,0.33,78,11,0.14
271,Ryan Thomson,7,0.429,0.39,0.17,0.42,0.18,58,11,0.19
272,Travis Tokarz,23,0.391,0.27,0.28,0.51,0.31,168,17,0.1
273,Rick Law,6,0.833,0.3,0.36,0.69,0.4,42,1,0.02
274,Yeong Seok Jeong,9,0.667,0.36,0.26,0.42,0.14,81,10,0.12
275,Ryan Norman,14,0.357,0.22,0.35,0.4,0.26,89,5,0.06
276,Eduard Veltsman,9,0.444,0.36,0.42,0.29,0.38,57,2,0.04
277,Kalem Hamilton,24,0.375,0.29,0.27,0.44,0.38,175,15,0.09
278,Richard Muntain,8,0.5,0.52,0.24,0.47,0.3,57,7,0.12
279,Owen Purdy,13,0.462,0.42,0.21,0.47,0.23,109,12,0.11
280,Hayato Sato,12,0.5,0.31,0.22,0.49,0.22,109,16,0.15
281,Hiroki Yoshioka,14,0.5,0.33,0.38,0.45,0.36,111,14,0.13
282,HaoChen Shi,4,0.75,0.24,0.38,0.5,0.35,33,0,0.0
283,Darren Perche,11,0.455,0.26,0.29,0.44,0.24,91,12,0.13
284,Mats Wrana,9,0.333,0.2,0.23,0.41,0.31,63,4,0.06
285,Steve Holdaway,16,0.188,0.22,0.2,0.5,0.39,128,11,0.09
286,Vadim Raev,13,0.308,0.4,0.3,0.42,0.34,91,4,0.04
287,Andrey Dudov,9,0.556,0.38,0.23,0.62,0.2,88,12,0.14
288,Nicholas Lemieux,24,0.333,0.26,0.23,0.42,0.3,201,21,0.1
289,Rob Dennis,16,0.375,0.26,0.22,0.46,0.38,117,10,0.09
290,Lloyd Fell,10,0.5,0.32,0.33,0.58,0.22,84,8,0.1
291,Nicolas Oake,9,0.556,0.34,0.29,0.52,0.33,84,11,0.13
292,Dean Huerlimann,9,0.444,0.32,0.21,0.39,0.33,80,12,0.15
293,Kenji Takamatsu,8,0.5,0.44,0.27,0.47,0.26,61,9,0.15
294,Steen Sigurdson,25,0.2,0.29,0.15,0.53,0.33,192,21,0.11
295,Cale Dunbar,17,0.412,0.33,0.28,0.42,0.31,95,16,0.17
296,Alan O'Leary,12,0.333,0.33,0.16,0.49,0.27,104,13,0.12
297,Marti Alonso,11,0.636,0.32,0.33,0.5,0.23,80,3,0.04
298,Callum Kinnear,8,0.625,0.4,0.21,0.7,0.28,71,13,0.18
299,Alex Berube,12,0.333,0.5,0.28,0.39,0.23,90,7,0.08
300,Francois Halle,7,0.714,0.48,0.35,0.47,0.13,50,3,0.06
301,Marla Sherrer,3,0.667,0.5,0.5,0.0,0.0,4,0,0.0
302,Gregory Bornais,11,0.455,0.24,0.35,0.41,0.45,77,1,0.01
303,Bernard Larouche,6,0.667,0.38,0.36,0.59,0.0,42,2,0.05
304,Joel Charbonneau,6,0.667,0.36,0.46,0.58,0.07,38,4,0.11
305,Ghislain Doyon,5,0.8,0.47,0.4,0.64,0.21,39,3,0.08
306,Timo Daniel,18,0.222,0.18,0.27,0.43,0.42,129,12,0.09
307,Ryan Larson,6,0.667,0.39,0.4,0.45,0.24,41,4,0.1
308,Ansis Regza,5,0.4,0.33,0.36,0.25,0.47,33,2,0.06
309,Edward Scimia,9,0.333,0.21,0.41,0.25,0.38,61,4,0.07
310,Gert Messing,8,0.375,0.35,0.31,0.47,0.14,50,2,0.04
311,Matt Dupuis,12,0.417,0.26,0.29,0.48,0.21,84,4,0.05
312,James Pougher,7,0.571,0.17,0.24,0.6,0.23,69,6,0.09
313,Eddy Mercier,14,0.286,0.22,0.16,0.46,0.35,111,16,0.14
314,Murray Young,6,0.333,0.14,0.32,0.29,0.32,50,7,0.14
315,Dale Goehring,17,0.294,0.35,0.33,0.55,0.3,120,9,0.07
316,Tye Olson,17,0.176,0.26,0.25,0.33,0.37,117,5,0.04
317,Sangwoo Park,11,0.273,0.28,0.16,0.59,0.41,92,9,0.1
318,German Doronin,14,0.286,0.33,0.25,0.48,0.34,100,10,0.1
319,Takimi Maeda,7,0.5,0.32,0.33,0.5,0.3,48,5,0.1
320,Logan Ede,12,0.5,0.37,0.23,0.63,0.28,96,8,0.08
321,Kei Kamada,12,0.25,0.18,0.18,0.52,0.35,83,19,0.23
322,Dustin Woloschuk,15,0.4,0.25,0.32,0.48,0.42,117,9,0.08
323,Paul Moffatt,8,0.5,0.29,0.21,0.47,0.47,58,7,0.12
324,Ryutaro Tani,8,0.375,0.26,0.21,0.65,0.33,74,9,0.12
325,Johnson Tao,9,0.444,0.29,0.2,0.46,0.23,84,21,0.25
326,Shawn Meyer,19,0.368,0.37,0.24,0.5,0.28,139,17,0.12
327,Takuya Ishikawa,7,0.571,0.33,0.33,0.38,0.33,51,5,0.1
328,Ray Baker,6,0.5,0.22,0.26,0.5,0.29,55,5,0.09
329,Alberto Pimpini,7,0.429,0.32,0.25,0.57,0.29,48,7,0.15
330,Simon Ellenberger,7,0.429,0.3,0.25,0.44,0.32,49,4,0.08
331,Felix Attinger,6,0.5,0.19,0.24,0.55,0.22,39,7,0.18
332,Nassar Alyafei,9,0.333,0.14,0.22,0.32,0.38,74,6,0.08
333,Dean North,4,0.5,0.18,0.43,0.43,0.33,26,2,0.08
334,Denis Cordick,5,0.2,0.5,0.15,0.44,0.25,36,1,0.03
335,Grant Olsen,10,0.3,0.21,0.17,0.37,0.33,84,11,0.13
336,Ryan Cain,12,0.333,0.28,0.29,0.61,0.35,99,11,0.11
337,Damien Villard,8,0.375,0.24,0.28,0.5,0.38,58,7,0.12
338,Jeff Brown,13,0.462,0.33,0.23,0.52,0.29,105,7,0.07
339,Timothy Verreycken,9,0.556,0.25,0.32,0.56,0.29,65,5,0.08
340,Konstantin Rykov,12,0.333,0.25,0.35,0.6,0.31,102,13,0.13
341,Otto Kalocsay,9,0.333,0.26,0.14,0.48,0.19,84,10,0.12
342,Matt Sussman,5,0.4,0.29,0.44,0.14,0.5,30,2,0.07
343,Mark Dolsen,4,0.5,0.17,0.25,0.82,0.17,28,1,0.04
344,Matthew Neilson,9,0.333,0.16,0.21,0.42,0.36,80,10,0.12
345,Kent  Zuravloff,14,0.5,0.4,0.32,0.48,0.17,110,17,0.15
346,Benj Guzman,5,0.4,0.29,0.33,0.73,0.5,36,2,0.06
347,Llorenc Aparicio,9,0.556,0.25,0.54,0.47,0.5,61,0,0.0
348,Mike Callaghan,14,0.286,0.18,0.23,0.53,0.3,109,13,0.12
349,Peng Han,12,0.25,0.18,0.25,0.67,0.39,74,8,0.11
350,Nathan Molberg,9,0.444,0.41,0.31,0.5,0.25,67,6,0.09
351,Charlie Robert,13,0.385,0.32,0.24,0.49,0.29,111,16,0.14
352,Kevin Kakela,9,0.333,0.28,0.2,0.25,0.52,42,2,0.05
353,Shea Steele,16,0.188,0.2,0.24,0.53,0.47,121,7,0.06
354,Bent Anund Ramsfjell,5,0.6,0.25,0.38,0.38,0.44,32,2,0.06
355,Ryan Grabarczyk,7,0.429,0.28,0.23,0.45,0.28,66,7,0.11
356,Graham Freeman,6,0.5,0.35,0.27,0.47,0.29,58,12,0.21
357,Greg Cheal,16,0.312,0.29,0.17,0.5,0.25,142,10,0.07
358,Trevor Funk,9,0.444,0.3,0.27,0.62,0.3,79,12,0.15
359,Jay Kinnaird,8,0.375,0.25,0.32,0.19,0.23,47,3,0.06
360,Keisaku Takada,9,0.333,0.18,0.13,0.58,0.47,61,5,0.08
361,Reto Keller,5,0.4,0.31,0.27,0.5,0.25,35,5,0.14
362,Nathen Pomedli,11,0.273,0.19,0.18,0.58,0.37,79,7,0.09
363,Abylay Zhuzbay,9,0.222,0.26,0.16,0.62,0.4,80,3,0.04
364,Garry Janz,5,0.4,0.31,0.25,0.42,0.32,43,9,0.21
365,Cody Sutherland,14,0.214,0.26,0.28,0.29,0.42,92,8,0.09
366,Randy Neufeld,4,0.5,0.4,0.27,0.67,0.23,37,9,0.24
367,Alexandre Leduc,7,0.429,0.26,0.26,0.57,0.32,55,11,0.2
368,Jiahong Ma,11,0.273,0.43,0.31,0.29,0.18,75,4,0.05
369,Gert Precenth,5,0.4,0.4,0.25,0.42,0.31,36,4,0.11
370,Viktor Gustafsson,5,0.4,0.12,0.39,0.38,0.61,36,4,0.11
371,Tony Poelder,5,0.4,0.35,0.37,0.4,0.25,39,5,0.13
372,Reto Seiler,7,0.286,0.2,0.25,0.64,0.38,69,4,0.06
373,Pavol Pitonak,9,0.222,0.32,0.18,0.46,0.3,84,8,0.1
374,Ramy Cohen,4,0.5,0.27,0.4,0.63,0.35,32,3,0.09
375,Cameron McNay,7,0.143,0.25,0.17,0.37,0.43,59,7,0.12
376,Giacomo Colli,9,0.222,0.18,0.09,0.52,0.26,86,15,0.17
377,Aleksandr Bystrov,7,0.429,0.14,0.26,0.5,0.28,52,8,0.15
378,Robert Wright,7,0.286,0.13,0.17,0.47,0.31,49,4,0.08
379,Thomas Freitag,7,0.429,0.13,0.24,0.38,0.38,57,13,0.23
380,Travis Belchior,8,0.25,0.29,0.29,0.5,0.39,55,4,0.07
381,Steve Wright,4,0.5,0.18,0.33,0.71,0.31,25,3,0.12
382,Kurt Balderston,9,0.333,0.5,0.19,0.29,0.21,35,3,0.09
383,Xavier Campos,9,0.333,0.21,0.29,0.35,0.43,66,4,0.06
384,Angel Garcia A.,9,0.333,0.21,0.35,0.67,0.57,66,6,0.09
385,Maximo Calvo,9,0.333,0.27,0.46,0.28,0.43,70,3,0.04
386,Sawer Kaeser,9,0.222,0.15,0.28,0.41,0.4,83,11,0.13
387,Drew Heidt,7,0.571,0.4,0.23,0.57,0.14,60,5,0.08
388,Jerome Adam,9,0.333,0.15,0.19,0.61,0.34,55,6,0.11
389,Yoshiaki Sakaguchi,8,0.429,0.31,0.3,0.5,0.29,58,7,0.12
390,Eirik Oy,5,0.4,0.35,0.12,0.38,0.33,35,3,0.09
391,Mathias Braenden,5,0.4,0.42,0.39,0.4,0.23,31,2,0.06
392,Mitchell Katcher,7,0.286,0.36,0.1,0.58,0.27,66,6,0.09
393,Nick Myers,6,0.5,0.18,0.39,0.5,0.52,41,2,0.05
394,Nicholas Connolly,7,0.429,0.41,0.25,0.43,0.29,64,7,0.11
395,Erik Jensen,9,0.333,0.35,0.33,0.42,0.34,75,4,0.05
396,Rick Phillips,6,0.5,0.3,0.2,0.47,0.24,50,5,0.1
397,Nando Salviulo,6,0.333,0.26,0.17,0.38,0.28,50,11,0.22
398,Regis Bosse,6,0.5,0.23,0.28,0.33,0.35,41,2,0.05
399,Andrew Wickman,4,0.5,0.3,0.41,0.25,0.2,27,2,0.07
400,Bill Turner,7,0.571,0.32,0.24,0.37,0.27,59,5,0.08
401,Ross LaVallee,18,0.167,0.18,0.24,0.38,0.39,116,19,0.16
402,Jeff Ginter,12,0.583,0.36,0.21,0.63,0.21,62,9,0.15
403,Phil Gorveatt,8,0.625,0.25,0.17,0.63,0.13,80,14,0.17
404,Allan Gitzel,6,0.5,0.18,0.43,0.4,0.29,45,9,0.2
405,Garion Long,4,0.25,0.15,0.2,0.38,0.4,25,2,0.08
406,Sylvain Bellavance,8,0.375,0.17,0.36,0.57,0.31,51,4,0.08
407,Jaroslav Vedral,4,0.5,0.43,0.15,0.78,0.31,29,4,0.14
408,Aaron Thompson,8,0.375,0.23,0.18,0.48,0.32,67,9,0.13
409,Neil Gallant,12,0.167,0.15,0.23,0.48,0.39,94,7,0.07
410,Nicholas Servant,4,0.5,0.25,0.08,0.6,0.38,28,1,0.04
411,Ken Robichaud,4,0.5,0.27,0.19,0.46,0.27,31,0,0.0
412,Benjamin Randall,7,0.429,0.3,0.24,0.47,0.3,63,9,0.14
413,Daniel Casper,7,0.429,0.22,0.24,0.63,0.46,60,6,0.1
414,Shun Tanaka,5,0.6,0.35,0.29,0.8,0.3,37,5,0.14
415,Shaun Parsons,4,0.5,0.4,0.29,0.6,0.22,35,5,0.14
416,Mitchell Schut,7,0.571,0.38,0.31,0.48,0.19,68,8,0.12
417,Eddie MacKenzie,7,0.571,0.44,0.26,0.58,0.3,61,8,0.13
418,Jacob Reid,7,0.286,0.35,0.23,0.33,0.32,64,2,0.03
419,Jacob Holder,7,0.429,0.42,0.21,0.4,0.23,59,7,0.12
420,Orrin Carson,7,0.429,0.36,0.18,0.41,0.24,66,10,0.15
421,Carter Babij,7,0.286,0.29,0.33,0.43,0.34,68,6,0.09
422,Kotaro Noguchi,8,0.125,0.15,0.15,0.45,0.51,69,6,0.09
423,Martin Patry,10,0.2,0.21,0.29,0.35,0.44,69,6,0.09
424,Marc Strasser,5,0.2,0.05,0.27,0.57,0.67,32,2,0.06
425,Stefan Signer,5,0.2,0.29,0.33,0.11,0.4,30,2,0.07
426,Brett Behm,7,0.286,0.18,0.21,0.5,0.44,60,4,0.07
427,Jason Chang,9,0.111,0.2,0.18,0.24,0.34,80,8,0.1
428,Guy Charette,9,0.333,0.16,0.33,0.67,0.58,55,1,0.02
429,Ryan Spielman,5,0.4,0.14,0.35,0.54,0.3,43,2,0.05
430,Jamie Cochrane,5,0.4,0.33,0.33,0.43,0.19,40,3,0.07
431,Daiki Shikano,4,0.25,0.14,0.15,0.5,0.5,27,3,0.11
432,Mathieu Gravel,5,0.4,0.31,0.35,0.44,0.46,30,2,0.07
433,Paulo Bienvenue,6,0.333,0.22,0.15,0.4,0.47,32,2,0.06
434,Carter Bryant,4,0.25,0.15,0.07,0.44,0.38,27,4,0.15
435,Nicholas Bissonnette,4,0.25,0.27,0.25,0.63,0.47,29,3,0.1
436,Dayne Gagnon,9,0.333,0.24,0.18,0.42,0.26,71,12,0.17
437,Jared Palanuik,4,0.25,0.46,0.18,0.36,0.29,31,4,0.13
438,Johan Engqvist,4,0.25,0.25,0.25,0.38,0.33,30,3,0.1
439,Niclas Perem,4,0.25,0.25,0.38,0.4,0.31,32,0,0.0
440,Kirill Surovov,7,0.286,0.19,0.33,0.55,0.56,48,4,0.08
441,Alex Pokras,8,0.125,0.22,0.29,0.42,0.32,76,9,0.12
442,Mike Farbelow,4,0.25,0.08,0.25,0.33,0.67,20,0,0.0
443,Eirik Oey,9,0.111,0.26,0.23,0.43,0.36,79,12,0.15
444,Brad Wainikka,3,0.333,0.25,0.21,0.4,0.17,26,1,0.04
445,Corey Anderson,5,0.2,0.31,0.16,0.36,0.24,36,3,0.08
446,Jesse McCullough,4,0.25,0.11,0.38,0.5,0.22,25,2,0.08
447,William Kuran,4,0.25,0.17,0.33,0.25,0.33,27,2,0.07
448,Jim Wilson,4,0.25,0.15,0.36,0.67,0.57,25,2,0.08
449,Nik Geller,8,0.125,0.12,0.16,0.38,0.46,47,3,0.06
450,Daniel Vanveghel,4,0.25,0.31,0.25,0.22,0.31,29,3,0.1
451,Wesley Wendling,7,0.286,0.21,0.24,0.59,0.32,64,5,0.08
452,Daniel Murray,7,0.286,0.3,0.19,0.52,0.34,69,9,0.13
453,Tyler Marshall,4,0.25,0.21,0.23,0.7,0.37,32,5,0.16
454,Anthony Neufeld,5,0.4,0.55,0.11,0.43,0.35,38,2,0.05
455,Liam Marin,9,0.111,0.27,0.24,0.4,0.24,86,11,0.13
456,Hiromitsu Kuriyama,6,0.333,0.32,0.21,0.6,0.36,41,0,0.0
457,Ken Kanai,5,0.4,0.25,0.5,0.33,0.33,37,5,0.14
458,Rune Steen Hansen,3,0.333,0.1,0.25,0.33,0.45,19,1,0.05
459,Tobias Linneberg,3,0.333,0.56,0.2,0.0,0.3,20,2,0.1
460,Vidar Hansen,3,0.333,0.0,0.56,0.5,0.67,18,0,0.0
461,Ingebrigt Bjornstad,3,0.333,0.56,0.27,0.57,0.22,20,1,0.05
462,Johan Hostmaelingen,3,0.333,0.67,0.3,0.29,0.2,20,1,0.05
463,John Wilson,3,0.333,0.23,0.0,0.33,0.36,20,1,0.05
464,Aleksandr Burdakov,4,0.5,0.08,0.58,0.5,0.64,26,2,0.08
465,Maksim Shibilkin,4,0.5,0.23,0.5,0.83,0.47,29,3,0.1
466,Artem Karetnikov,4,0.5,0.29,0.42,0.29,0.31,28,2,0.07
467,Paul Scinocca,5,0.2,0.22,0.11,0.43,0.52,42,3,0.07
468,Patrick Martin,5,0.4,0.27,0.19,0.67,0.26,35,5,0.14
469,Stephane Brabant,5,0.4,0.25,0.32,0.54,0.25,38,2,0.05
470,Wayne Ewasko,3,0.333,0.4,0.23,0.56,0.27,24,2,0.08
471,Pierre Blanchard,5,0.4,0.37,0.29,0.82,0.4,37,2,0.05
472,Neil Power,5,0.4,0.19,0.13,0.31,0.11,34,3,0.09
473,Dave Sullivan,4,0.25,0.38,0.29,0.5,0.13,29,2,0.07
474,Tom Mulhern,4,0.5,0.21,0.36,0.57,0.5,28,2,0.07
475,Gabor Bor Zelinka,5,0.2,0.25,0.11,0.38,0.29,36,5,0.14
476,Karel Klima,4,0.25,0.22,0.18,0.36,0.08,30,7,0.23
477,Brecklin Gervais,4,0.25,0.29,0.15,0.33,0.33,28,3,0.11
478,Glen Warnica,3,0.333,0.18,0.25,0.2,0.36,19,1,0.05
479,Craig Van Ymeren,3,0.333,0.43,0.33,0.8,0.38,17,2,0.12
480,Dave Lawes,3,0.333,0.22,0.55,0.4,0.44,20,0,0.0
481,Michael Shepherd,3,0.333,0.09,0.5,0.33,0.55,23,0,0.0
482,Brent Franko,4,0.25,0.08,0.29,0.5,0.56,23,4,0.17
483,Garret Fedak,3,0.333,0.17,0.42,0.5,0.5,24,1,0.04
484,Raphael Patry,3,0.333,0.45,0.15,0.44,0.27,24,2,0.08
485,Pengpeng Cao,6,0.167,0.27,0.2,0.33,0.42,39,2,0.05
486,Andrew Manson,3,0.333,0.23,0.29,0.0,0.43,21,1,0.05
487,Branden Cookson,9,0.111,0.18,0.11,0.48,0.56,67,5,0.07
488,Gord Cherry,3,0.333,0.31,0.33,0.43,0.31,25,1,0.04
489,Steven van Ouwerkerk,5,0.4,0.35,0.05,0.53,0.35,41,5,0.12
490,Jamie Newson,5,0.4,0.5,0.27,0.57,0.3,42,2,0.05
491,Rod MacDonald,5,0.4,0.32,0.05,0.29,0.27,45,8,0.18
492,John Likely,5,0.4,0.11,0.29,0.73,0.2,44,3,0.07
493,Sandro Fanchini,7,0.143,0.2,0.24,0.29,0.37,63,10,0.16
494,Jannis Bannwart,7,0.143,0.21,0.23,0.39,0.38,57,8,0.14
495,Raul Garcia G.,9,0.111,0.29,0.29,0.25,0.47,66,0,0.0
496,Ignacio Galdeano,9,0.111,0.15,0.23,0.35,0.51,61,4,0.07
497,Brayden Payette,4,0.25,0.0,0.25,0.75,0.71,15,2,0.13
498,Karlis Smilga,9,0.222,0.3,0.19,0.5,0.38,73,1,0.01
499,Ritvars Gulbis,5,0.4,0.4,0.15,0.31,0.35,46,2,0.04
500,Oleg Krasikov,9,0.222,0.19,0.31,0.33,0.26,80,7,0.09
501,Jason LaMontagne,4,0.25,0.45,0.25,0.44,0.45,27,3,0.11
502,Andy Lloyd,3,0.333,0.36,0.22,0.57,0.27,20,0,0.0
503,Harrison Boss,4,0.25,0.39,0.19,0.17,0.33,34,1,0.03
504,Camil Palin,4,0.25,0.22,0.33,0.5,0.5,25,3,0.12
505,Maxime Mailloux,4,0.25,0.29,0.13,0.67,0.5,29,4,0.14
506,Jean-Christophe Pichon,4,0.25,0.13,0.23,0.5,0.32,32,3,0.09
507,Jacques Dufresne,4,0.25,0.21,0.29,0.38,0.5,28,2,0.07
508,Bruno Crepeault,4,0.25,0.12,0.5,0.43,0.39,32,1,0.03
509,Mike Flannery,4,0.25,0.38,0.08,0.5,0.41,29,2,0.07
510,Wayne Tallon,4,0.25,0.31,0.14,0.45,0.31,30,1,0.03
511,Tomasz Bosek,4,0.25,0.21,0.2,0.43,0.35,27,4,0.15
512,Glen MacLeod,4,0.25,0.38,0.29,0.31,0.19,37,2,0.05
513,Jin-wook Lee,5,0.2,0.17,0.11,0.24,0.36,44,2,0.05
514,JaeBeom Lee,5,0.2,0.5,0.04,0.33,0.13,46,7,0.15
515,Harold Walters,4,0.25,0.33,0.13,0.57,0.44,24,1,0.04
516,Evan McDonah,4,0.25,0.0,0.36,0.44,0.4,29,1,0.03
517,Rod Feltham,4,0.25,0.25,0.31,0.56,0.31,26,1,0.04
518,Justin Hewitt,4,0.25,0.2,0.0,0.5,0.5,19,1,0.05
519,Butch Mouck,5,0.6,0.26,0.21,0.56,0.18,46,6,0.13
520,Shane Gordon,7,0.429,0.29,0.18,0.55,0.32,64,10,0.16
521,Coleman Thurston,7,0.143,0.23,0.18,0.48,0.23,68,7,0.1
522,Lawrence Corrigal,4,0.25,0.3,0.13,0.38,0.33,36,1,0.03
523,Corey Leach,4,0.25,0.3,0.15,0.6,0.39,36,4,0.11
524,Ryo Wakabayashi,5,0.2,0.28,0.19,0.58,0.4,36,3,0.08
525,Kevin Wunderlin,3,0.333,0.45,0.0,0.5,0.42,18,1,0.06
526,Stuart Brand,6,0.333,0.32,0.3,0.46,0.38,47,5,0.11
527,Michel Lachance,4,0.25,0.17,0.27,0.63,0.53,30,1,0.03
528,Owen Rees,6,0.333,0.26,0.14,0.35,0.38,45,2,0.04
529,Ross Craik,7,0.143,0.22,0.27,0.3,0.25,62,7,0.11
530,Tomoji Arai,8,0.125,0.21,0.2,0.31,0.46,55,2,0.04
531,Darrel Veiner,11,0.364,0.33,0.28,0.47,0.39,56,2,0.04
532,Colin Griffith,8,0.375,0.29,0.25,0.64,0.36,30,1,0.03
533,Nick Lane,4,0.25,0.46,0.13,0.5,0.46,29,4,0.14
534,Scott Strouse,3,0.333,0.42,0.33,0.5,0.31,22,1,0.05
535,Michael Glessner,3,0.333,0.29,0.54,0.2,0.38,21,2,0.1
536,Mark Mooney,3,0.333,0.17,0.33,0.75,0.75,21,2,0.1
537,Barry Klein,4,0.25,0.19,0.4,0.33,0.5,26,0,0.0
538,Cedar Kennedy,3,0.333,0.17,0.14,0.33,0.42,19,0,0.0
539,Dave Konefal,4,0.25,0.33,0.06,0.54,0.23,38,6,0.16
540,Zack Eldridge,4,0.25,0.06,0.29,0.5,0.37,36,5,0.14
541,Shawn Blair,6,0.167,0.29,0.11,0.33,0.16,38,4,0.11
542,Philip MacDonald,4,0.25,0.35,0.35,0.27,0.35,37,0,0.0
543,Darren Higgins,4,0.25,0.33,0.12,0.47,0.05,36,4,0.11
544,Clint Cudmore,6,0.333,0.28,0.31,0.53,0.36,54,6,0.11
545,Janis Rudzitis,5,0.2,0.32,0.33,0.38,0.36,49,2,0.04
546,Rob Van Kommer,3,0.333,0.38,0.13,0.5,0.25,20,5,0.25
547,Matt Mann,6,0.167,0.08,0.37,0.31,0.42,56,8,0.14
548,Greg Todoruk,3,0.333,0.23,0.15,0.6,0.19,29,4,0.14
549,Duane Lang,3,0.333,0.27,0.31,0.75,0.33,25,2,0.08
550,Grant Brown,4,0.5,0.33,0.24,0.3,0.38,38,6,0.16
551,Mirac Ozkan,4,0.0,0.17,0.08,0.09,0.31,25,1,0.04
552,Sagel Mercer,3,0.0,0.0,0.2,0.33,0.55,21,3,0.14
553,Keith Nabuurs,3,0.0,0.13,0.2,0.38,0.5,26,1,0.04
554,Tsubasa Nakagawa,5,0.0,0.11,0.13,0.42,0.45,35,2,0.06
555,Mark Pillsworth,2,0.0,0.1,0.2,0.14,0.3,20,1,0.05
556,Fabio Ribotta,4,0.0,0.14,0.17,0.2,0.24,29,3,0.1
557,Paul Richardsen,3,0.0,0.0,0.0,0.33,0.75,18,0,0.0
558,Jeff Reich,3,0.0,0.33,0.2,0.43,0.43,29,7,0.24
559,P.N. Raju,4,0.0,0.07,0.1,0.67,0.53,27,3,0.11
560,Blair Pettipas,5,0.0,0.21,0.15,0.55,0.47,32,0,0.0
561,Matthew Mepstead,2,0.0,0.0,0.15,0.67,0.43,20,5,0.25
562,Jason Peckham,4,0.0,0.23,0.11,0.38,0.5,23,1,0.04
563,Terry McNamee,2,0.0,0.3,0.2,0.5,0.4,20,0,0.0
564,Bob Leclair,5,0.0,0.06,0.25,0.36,0.35,33,1,0.03
565,Mike Libbus,22,0.545,0.36,0.26,0.5,0.25,176,17,0.1
566,Dustin Lavigne,3,0.0,0.0,0.13,0.5,0.71,22,2,0.09
567,Steve Lang,3,0.0,0.17,0.0,0.67,0.33,21,0,0.0
568,Josh Maisey,7,0.429,0.46,0.18,0.47,0.3,55,11,0.2
569,Sonny Melancon,4,0.0,0.08,0.08,0.1,0.42,24,1,0.04
570,Marcelo Mello,4,0.0,0.0,0.0,0.33,0.44,32,4,0.12
571,Kurtwood McGuire,7,0.0,0.11,0.15,0.21,0.38,58,8,0.14
572,Jordon McDonald,7,0.429,0.28,0.37,0.56,0.25,58,6,0.1
573,Emil Markusson,3,0.0,0.2,0.11,0.38,0.33,21,2,0.1
574,Christopher McCann,3,0.0,0.11,0.2,0.25,0.44,19,0,0.0
575,Dominik Svarc,5,0.0,0.18,0.33,0.25,0.53,34,4,0.12
576,Jotham Sugden,4,0.0,0.13,0.22,0.29,0.53,24,0,0.0
577,Alexey Kulchak,3,0.0,0.22,0.18,0.33,0.67,20,3,0.15
578,Dave Thomas,8,0.0,0.14,0.16,0.48,0.38,63,6,0.1
579,Murray Stroeder,3,0.0,0.0,0.11,0.29,0.45,20,2,0.1
580,John Stewart,6,0.0,0.15,0.16,0.18,0.38,54,6,0.11
581,Bill Stopera,4,0.0,0.08,0.0,0.33,0.33,27,6,0.22
582,Thomas Titchkosky,7,0.714,0.27,0.24,0.5,0.17,67,10,0.15
583,Diego Tompkins,7,0.0,0.13,0.05,0.16,0.58,53,1,0.02
584,Ethan Young,5,0.0,0.19,0.18,0.27,0.28,35,5,0.14
585,Jonathan Vilandt,5,0.2,0.22,0.13,0.55,0.26,35,4,0.11
586,Luke Steski,7,0.143,0.27,0.19,0.5,0.37,57,8,0.14
587,Tracy Steinke,8,0.5,0.57,0.24,0.33,0.3,52,8,0.15
588,Clemens Scherrer,3,0.0,0.0,0.13,0.5,0.58,20,2,0.1
589,Daryl Shane,3,0.0,0.25,0.29,0.6,0.54,20,1,0.05
590,Kyosuke Sawaguchi,3,0.0,0.08,0.3,0.57,0.46,23,0,0.0
591,Gilles Savoie,4,0.0,0.06,0.0,0.22,0.32,28,2,0.07
592,Grant Shewfelt,2,0.0,0.25,0.29,0.25,0.5,15,1,0.07
593,Matthew Smith,4,0.0,0.08,0.07,0.42,0.23,28,2,0.07
594,Greg Skauge,5,0.6,0.43,0.33,0.58,0.39,47,4,0.09
595,TaeWoong Shin,6,0.0,0.28,0.19,0.16,0.33,54,5,0.09
596,Yoshiro Shimizu,4,0.0,0.0,0.0,0.33,0.44,26,3,0.12
597,Kanya Shimizuno,4,0.0,0.14,0.0,0.55,0.24,28,3,0.11
598,Steven Rotskas,7,0.0,0.15,0.11,0.25,0.44,45,1,0.02
599,Shawnessey Gallagher,4,0.0,0.21,0.15,0.2,0.5,27,1,0.04
600,Jim Coleman,2,0.0,0.11,0.14,0.33,0.44,16,0,0.0
601,Erik Colwell,4,0.0,0.17,0.0,0.11,0.5,21,0,0.0
602,Tijani Cole,9,0.0,0.04,0.27,0.11,0.7,73,3,0.04
603,Patrick Coburn,3,0.0,0.09,0.36,0.29,0.42,23,1,0.04
604,Samuel Clasen,4,0.0,0.0,0.13,0.5,0.53,23,5,0.22
605,Yves Cloutier,4,0.0,0.18,0.21,0.4,0.33,26,2,0.08
606,Kyle Csversko,2,0.0,0.14,0.0,0.4,0.38,13,1,0.08
607,Keith Dohey,4,0.0,0.0,0.13,0.2,0.44,31,4,0.13
608,Hunter Dundas,6,0.0,0.15,0.0,0.3,0.59,40,4,0.1
609,Richard Dick,5,0.0,0.26,0.07,0.38,0.32,37,4,0.11
610,D'arcy Delorey,4,0.25,0.53,0.1,0.59,0.17,39,3,0.08
611,David Daoust,3,0.0,0.22,0.2,0.25,0.22,19,0,0.0
612,Luke Davidson,7,0.0,0.21,0.13,0.25,0.5,56,8,0.14
613,Josh Claeys,2,0.0,0.14,0.17,0.2,0.5,14,1,0.07
614,Matt Bijl,7,0.429,0.27,0.23,0.47,0.31,52,9,0.17
615,Christian Birkeland,3,0.0,0.1,0.0,0.5,0.4,21,3,0.14
616,Tyson Beyak,7,0.143,0.24,0.23,0.29,0.39,57,9,0.16
617,Sam Antila,2,0.0,0.33,0.31,0.33,0.29,20,4,0.2
618,Wyllie Allan,3,0.0,0.09,0.13,1.0,0.58,20,4,0.2
619,Rhys Allen,3,0.0,0.1,0.11,0.25,0.4,19,0,0.0
620,Jonathan Brenton,4,0.0,0.13,0.0,0.0,0.61,22,2,0.09
621,Roger Chan,8,0.0,0.04,0.0,0.43,0.52,49,9,0.18
622,Gavin Cameron,7,0.0,0.29,0.1,0.36,0.32,60,7,0.12
623,Trevor Calvert,3,0.0,0.23,0.15,0.27,0.31,26,0,0.0
624,Joshua Bryden,3,0.0,0.08,0.22,0.57,0.36,23,2,0.09
625,Martin Bukovsky,9,0.0,0.19,0.24,0.2,0.48,60,2,0.03
626,Jonas Eden,3,0.0,0.2,0.27,0.57,0.5,21,1,0.05
627,Glen Hudy,6,0.5,0.29,0.33,0.44,0.24,53,5,0.09
628,Jack Hykaway,8,0.75,0.43,0.18,0.43,0.11,73,17,0.23
629,Jeremy Hozjan,7,0.0,0.0,0.21,0.23,0.52,42,3,0.07
630,Darryl Horsman,5,0.0,0.15,0.38,0.44,0.6,36,1,0.03
631,Milos Hoferka,4,0.0,0.07,0.1,0.38,0.41,27,3,0.11
632,Aaron Horowitz,3,0.0,0.0,0.38,0.43,0.3,23,1,0.04
633,Jordan Johnson,7,0.429,0.44,0.33,0.41,0.19,67,6,0.09
634,Max Kobylnyk,6,0.0,0.32,0.06,0.4,0.38,38,3,0.08
635,Nobukazu Komoribayashi,3,0.0,0.2,0.09,0.33,0.18,22,2,0.09
636,Emerson Klimpke,7,0.714,0.5,0.43,0.6,0.31,64,7,0.11
637,Brad Kidd,3,0.0,0.08,0.09,0.5,0.33,23,2,0.09
638,Jake Higgs,7,0.0,0.25,0.13,0.16,0.32,58,8,0.14
639,Michio Hatano,4,0.0,0.2,0.17,0.2,0.38,28,1,0.04
640,Shannon Fenelon,11,0.0,0.03,0.08,0.06,0.52,70,10,0.14
641,Josh Firman,2,0.0,0.3,0.0,0.2,0.42,19,4,0.21
642,Robert Fawns,5,0.0,0.29,0.07,0.31,0.33,29,1,0.03
643,Eskil Eriksen,3,0.0,0.25,0.0,0.11,0.22,18,1,0.06
644,Dennis Elgie,4,0.0,0.08,0.36,0.2,0.69,24,2,0.08
645,Wayne Fleming,5,0.0,0.06,0.0,0.11,0.53,28,1,0.04
646,Andrew Forrest,3,0.0,0.08,0.2,0.56,0.23,28,4,0.14
647,Paul Harvey,4,0.0,0.25,0.23,0.2,0.33,25,0,0.0
648,Brooks Freeman,7,0.429,0.3,0.18,0.21,0.21,61,13,0.21
649,Karel Kubeska,4,0.0,0.25,0.08,0.2,0.44,28,1,0.04
